{"stats":{"minecraft:killed_by":{"darkestsouls:cloaked_beast_patient":2,"minecraft:pillager":1},"minecraft:mined":{"minecraft:dark_oak_planks":5,"minecraft:yellow_terracotta":4,"minecraft:blue_carpet":1,"world:rootssmall_1":1,"minecraft:red_carpet":1,"minecraft:stone_pressure_plate":1,"minecraft:yellow_wall_banner":1,"minecraft:dark_oak_log":2,"minecraft:brewing_stand":1,"minecraft:dark_oak_fence":1,"minecraft:stripped_crimson_hyphae":4,"minecraft:grass_block":2,"world:oak":1,"minecraft:sandstone":12,"minecraft:spawner":4,"minecraft:hay_block":91,"minecraft:furnace":4,"minecraft:carrots":23,"minecraft:chiseled_sandstone":2,"minecraft:black_concrete":2,"minecraft:brown_bed":1,"minecraft:potatoes":41,"minecraft:cave_vines":2,"minecraft:water_cauldron":1,"minecraft:vine":1,"minecraft:green_carpet":1,"minecraft:stone":65,"minecraft:player_head":1,"minecraft:white_wool":2,"minecraft:green_bed":1,"minecraft:birch_stairs":2,"minecraft:sandstone_slab":1,"minecraft:cut_sandstone":2,"minecraft:smoker":2,"minecraft:orange_terracotta":4,"travelersbackpack:standard":1,"minecraft:crafting_table":7,"minecraft:torch":10,"minecraft:light_gray_terracotta":8,"minecraft:oxidized_copper":1,"minecraft:dead_bush":2,"minecraft:tall_grass":8,"minecraft:copper_ore":2,"minecraft:cobblestone":5,"minecraft:cyan_bed":2,"minecraft:sugar_cane":17,"minecraft:wall_torch":2,"minecraft:blue_bed":1,"minecraft:spruce_stairs":1,"minecraft:white_terracotta":7,"minecraft:red_terracotta":4,"minecraft:cactus":6,"paraglider:horned_statue":1,"minecraft:wheat":26,"minecraft:gray_bed":1,"minecraft:tnt":9,"minecraft:grass":3,"minecraft:oak_log":35,"minecraft:coal_ore":15,"minecraft:beetroots":22,"minecraft:dirt":2,"minecraft:sand":24,"minecraft:crimson_planks":6,"minecraft:cobweb":9,"minecraft:brown_terracotta":5,"minecraft:terracotta":28,"minecraft:red_mushroom_block":1,"minecraft:oak_leaves":3,"paraglider:goddess_statue":8},"minecraft:picked_up":{"minecraft:crafting_table":7,"minecraft:wheat":61,"minecraft:sandstone_slab":1,"alexsmobs:roadrunner_feather":4,"minecraft:brown_bed":1,"minecraft:enchanted_book":1,"minecraft:potion":2,"minecraft:crimson_planks":6,"minecraft:brewing_stand":1,"darkestsouls:beast_blood_clump":4,"paraglider:goddess_statue":8,"minecraft:string":11,"minecraft:raw_copper":38,"minecraft:armor_stand":4,"minecraft:cyan_carpet":21,"minecraft:beetroot":34,"minecraft:beef":34,"minecraft:player_head":1,"minecraft:sugar_cane":66,"minecraft:furnace":4,"minecraft:stripped_crimson_hyphae":3,"minecraft:stick":3,"minecraft:sandstone":12,"minecraft:copper_ingot":2,"minecraft:brown_terracotta":5,"minecraft:torch":14,"minecraft:green_bed":1,"minecraft:spruce_stairs":2,"minecraft:porkchop":18,"tombstone:grave_dust":2,"minecraft:carrot":166,"minecraft:stone_pressure_plate":1,"minecraft:cauldron":1,"minecraft:dark_oak_planks":5,"minecraft:arrow":7,"minecraft:yellow_banner":1,"minecraft:stone_sword":1,"minecraft:tnt":9,"minecraft:rotten_flesh":8,"minecraft:cactus":7,"minecraft:beetroot_seeds":103,"minecraft:hay_block":91,"minecraft:yellow_terracotta":4,"alexsmobs:emu_egg":3,"minecraft:white_terracotta":14,"paraglider:horned_statue":1,"minecraft:mutton":11,"minecraft:rail":2,"minecraft:white_wool":10,"minecraft:cobblestone":70,"minecraft:oxidized_copper":1,"minecraft:feather":11,"minecraft:cut_sandstone":2,"minecraft:leather":8,"minecraft:smoker":2,"minecraft:red_mushroom":2,"minecraft:potato":270,"paraglider:spirit_orb":6,"minecraft:oak_log":35,"minecraft:dirt":4,"tombstone:gift":1,"minecraft:blue_bed":1,"minecraft:orange_terracotta":4,"minecraft:red_carpet":1,"minecraft:bone":7,"minecraft:wheat_seeds":128,"minecraft:stone_pickaxe":1,"minecraft:gray_bed":1,"minecraft:birch_stairs":2,"minecraft:poisonous_potato":1,"minecraft:sand":41,"minecraft:cyan_bed":2,"minecraft:green_carpet":17,"minecraft:chiseled_sandstone":2,"minecraft:dark_oak_log":2,"minecraft:red_terracotta":4,"world:oak":1,"travelersbackpack:standard":1,"minecraft:light_gray_terracotta":8,"minecraft:black_concrete":2,"alexsmobs:rattlesnake_rattle":1,"minecraft:golden_apple":1,"minecraft:golden_horse_armor":1,"minecraft:dark_oak_fence":1,"minecraft:terracotta":27,"minecraft:oak_sapling":1,"minecraft:melon_seeds":3,"minecraft:black_wool":1,"minecraft:coal":124},"minecraft:broken":{"minecraft:stone_axe":1},"minecraft:custom":{"minecraft:mob_kills":62,"minecraft:interact_with_crafting_table":21,"minecraft:open_barrel":14,"minecraft:damage_dealt_resisted":0,"minecraft:leave_game":4,"minecraft:time_since_death":39036,"minecraft:climb_one_cm":4335,"minecraft:damage_resisted":0,"minecraft:sprint_one_cm":344301,"minecraft:walk_one_cm":231316,"minecraft:damage_blocked_by_shield":820,"minecraft:drop":49,"minecraft:talked_to_villager":13,"minecraft:play_time":141927,"minecraft:sneak_time":6546,"minecraft:deaths":3,"minecraft:walk_under_water_one_cm":5067,"minecraft:jump":1787,"minecraft:walk_on_water_one_cm":4859,"minecraft:total_world_time":141927,"minecraft:interact_with_furnace":4,"tombstone:raider_killed":3,"minecraft:interact_with_loom":1,"minecraft:sleep_in_bed":7,"minecraft:time_since_rest":27640,"minecraft:damage_taken":2362,"minecraft:damage_dealt":10018,"minecraft:swim_one_cm":3777,"minecraft:fly_one_cm":375532,"minecraft:open_chest":64,"minecraft:crouch_one_cm":11057,"tombstone:undead_killed":11,"minecraft:interact_with_smoker":2,"minecraft:fall_one_cm":35118},"minecraft:killed":{"minecraft:cave_spider":1,"alexsmobs:rattlesnake":2,"minecraft:skeleton":7,"darkestsouls:beast_patient":3,"alexsmobs:hammerhead_shark":1,"friendsandfoes:copper_golem":1,"minecraft:pig":6,"minecraft:sheep":8,"minecraft:pillager":3,"minecraft:zombie":4,"alexsmobs:rain_frog":1,"alexsmobs:roadrunner":10,"minecraft:cow":10,"alexsmobs:jerboa":1},"minecraft:dropped":{"minecraft:porkchop":5,"minecraft:wheat_seeds":64,"minecraft:golden_horse_armor":1,"minecraft:poisonous_potato":1,"minecraft:sandstone_slab":1,"minecraft:yellow_terracotta":3,"minecraft:copper_ingot":2,"minecraft:spruce_stairs":2,"minecraft:leather_helmet":1,"minecraft:golden_apple":1,"minecraft:red_mushroom":2,"minecraft:dark_oak_fence":1,"world:oak":1,"minecraft:cut_sandstone":2,"minecraft:green_carpet":16,"minecraft:cyan_carpet":20,"minecraft:armor_stand":4,"minecraft:cauldron":1,"minecraft:stone_axe":1,"minecraft:sugar_cane":33,"minecraft:stone_sword":2,"minecraft:light_gray_terracotta":7,"minecraft:wheat":39,"minecraft:beetroot":17,"minecraft:rotten_flesh":6,"minecraft:white_terracotta":14,"minecraft:carrot":83,"minecraft:red_terracotta":3,"minecraft:leather_chestplate":1,"minecraft:potato":128,"minecraft:orange_terracotta":3,"minecraft:beetroot_seeds":55,"minecraft:melon_seeds":3,"minecraft:sandstone":9,"minecraft:stone_pickaxe":2,"minecraft:beef":12,"minecraft:wooden_pickaxe":2,"minecraft:black_wool":1,"minecraft:terracotta":12},"minecraft:crafted":{"minecraft:oak_planks":96,"minecraft:leather_boots":1,"minecraft:iron_boots":1,"minecraft:iron_axe":1,"minecraft:stone_pickaxe":1,"minecraft:chest":2,"minecraft:dark_oak_planks":8,"minecraft:crimson_planks":12,"minecraft:crafting_table":5,"minecraft:wooden_pickaxe":2,"minecraft:bucket":1,"minecraft:stone_axe":2,"minecraft:iron_chestplate":1,"minecraft:shield":2,"minecraft:stick":28,"minecraft:iron_pickaxe":1,"minecraft:iron_leggings":1,"minecraft:stone_sword":1,"alexsmobs:roadrunner_boots":1,"minecraft:torch":76},"minecraft:used":{"alexsmobs:emu_egg":1,"minecraft:stone_sword":70,"minecraft:iron_shovel":17,"minecraft:chest":2,"minecraft:shield":18,"minecraft:iron_sword":57,"minecraft:player_head":1,"minecraft:rotten_flesh":2,"minecraft:torch":68,"paraglider:goddess_statue":1,"minecraft:dirt":4,"minecraft:brown_terracotta":5,"minecraft:dark_oak_planks":2,"minecraft:iron_axe":1,"minecraft:crimson_planks":11,"minecraft:furnace":4,"minecraft:oxidized_copper":1,"minecraft:oak_sapling":1,"tombstone:gift":6,"minecraft:cooked_beef":6,"minecraft:orange_terracotta":1,"minecraft:water_bucket":10,"minecraft:stone_pickaxe":128,"minecraft:wooden_pickaxe":24,"minecraft:sandstone":3,"alexsmobs:roadrunner_boots":1,"minecraft:blue_bed":1,"minecraft:leather_boots":1,"minecraft:white_wool":2,"minecraft:glow_berries":6,"minecraft:rail":2,"minecraft:terracotta":15,"minecraft:yellow_terracotta":1,"minecraft:crafting_table":10,"minecraft:light_gray_terracotta":1,"minecraft:smoker":2,"minecraft:cyan_carpet":1,"minecraft:cyan_bed":1,"minecraft:string":1,"minecraft:iron_pickaxe":54,"minecraft:bread":28,"minecraft:leather_helmet":1,"minecraft:red_terracotta":1,"minecraft:green_carpet":1,"minecraft:stone_axe":165,"minecraft:cobblestone":46,"travelersbackpack:standard":5,"minecraft:bucket":10,"alexsmobs:animal_dictionary":1,"minecraft:birch_stairs":2}},"DataVersion":3465}