{"stats":{"minecraft:killed_by":{"darkestsouls:cloaked_beast_patient":2},"minecraft:mined":{"minecraft:dark_oak_planks":5,"minecraft:yellow_terracotta":4,"world:rootssmall_1":1,"minecraft:stone_pressure_plate":1,"minecraft:yellow_wall_banner":1,"minecraft:dark_oak_log":2,"minecraft:brewing_stand":1,"world:oak":1,"minecraft:sandstone":12,"minecraft:hay_block":91,"minecraft:furnace":4,"minecraft:carrots":23,"minecraft:chiseled_sandstone":2,"minecraft:brown_bed":1,"minecraft:potatoes":41,"minecraft:cave_vines":2,"minecraft:water_cauldron":1,"minecraft:vine":1,"minecraft:stone":54,"minecraft:green_bed":1,"minecraft:sandstone_slab":1,"minecraft:cut_sandstone":2,"minecraft:smoker":1,"minecraft:orange_terracotta":4,"minecraft:crafting_table":7,"minecraft:torch":9,"minecraft:light_gray_terracotta":8,"minecraft:oxidized_copper":1,"minecraft:dead_bush":2,"minecraft:tall_grass":8,"minecraft:copper_ore":1,"minecraft:cobblestone":1,"minecraft:cyan_bed":2,"minecraft:sugar_cane":17,"minecraft:wall_torch":2,"minecraft:blue_bed":1,"minecraft:white_terracotta":7,"minecraft:red_terracotta":4,"minecraft:cactus":6,"paraglider:horned_statue":1,"minecraft:wheat":26,"minecraft:gray_bed":1,"minecraft:tnt":9,"minecraft:grass":3,"minecraft:oak_log":35,"minecraft:coal_ore":6,"minecraft:beetroots":22,"minecraft:sand":24,"minecraft:cobweb":9,"minecraft:brown_terracotta":1,"minecraft:terracotta":28,"minecraft:red_mushroom_block":1,"minecraft:oak_leaves":3,"paraglider:goddess_statue":8},"minecraft:picked_up":{"minecraft:crafting_table":7,"minecraft:wheat":61,"minecraft:sandstone_slab":1,"alexsmobs:roadrunner_feather":4,"minecraft:brown_bed":1,"minecraft:potion":2,"minecraft:brewing_stand":1,"paraglider:goddess_statue":8,"minecraft:string":11,"minecraft:raw_copper":14,"minecraft:armor_stand":4,"minecraft:beetroot":34,"minecraft:beef":34,"minecraft:sugar_cane":66,"minecraft:furnace":4,"minecraft:stick":3,"minecraft:sandstone":12,"minecraft:copper_ingot":2,"minecraft:brown_terracotta":1,"minecraft:torch":11,"minecraft:green_bed":1,"minecraft:porkchop":18,"minecraft:carrot":166,"minecraft:stone_pressure_plate":1,"minecraft:cauldron":1,"minecraft:dark_oak_planks":5,"minecraft:yellow_banner":1,"minecraft:tnt":9,"minecraft:rotten_flesh":8,"minecraft:cactus":7,"minecraft:beetroot_seeds":103,"minecraft:hay_block":91,"minecraft:yellow_terracotta":4,"alexsmobs:emu_egg":3,"minecraft:white_terracotta":14,"paraglider:horned_statue":1,"minecraft:mutton":11,"minecraft:rail":2,"minecraft:white_wool":8,"minecraft:cobblestone":55,"minecraft:oxidized_copper":1,"minecraft:feather":11,"minecraft:cut_sandstone":2,"minecraft:leather":8,"minecraft:smoker":1,"minecraft:red_mushroom":2,"minecraft:potato":270,"minecraft:oak_log":35,"minecraft:blue_bed":1,"minecraft:orange_terracotta":4,"minecraft:wheat_seeds":128,"minecraft:stone_pickaxe":1,"minecraft:gray_bed":1,"minecraft:poisonous_potato":1,"minecraft:sand":41,"minecraft:cyan_bed":2,"minecraft:chiseled_sandstone":2,"minecraft:dark_oak_log":2,"minecraft:red_terracotta":4,"world:oak":1,"minecraft:light_gray_terracotta":8,"alexsmobs:rattlesnake_rattle":1,"minecraft:golden_apple":1,"minecraft:terracotta":27,"minecraft:oak_sapling":1,"minecraft:melon_seeds":3,"minecraft:black_wool":1,"minecraft:coal":61},"minecraft:broken":{"minecraft:stone_axe":1},"minecraft:custom":{"minecraft:mob_kills":48,"minecraft:interact_with_crafting_table":15,"minecraft:open_barrel":1,"minecraft:damage_dealt_resisted":0,"minecraft:leave_game":4,"minecraft:time_since_death":87424,"minecraft:climb_one_cm":3620,"minecraft:sprint_one_cm":249375,"minecraft:walk_one_cm":166407,"minecraft:damage_blocked_by_shield":80,"minecraft:drop":34,"minecraft:talked_to_villager":13,"minecraft:play_time":99927,"minecraft:sneak_time":2394,"minecraft:deaths":2,"minecraft:walk_under_water_one_cm":5065,"minecraft:jump":1378,"minecraft:walk_on_water_one_cm":4188,"minecraft:total_world_time":99927,"minecraft:interact_with_furnace":3,"minecraft:interact_with_loom":1,"minecraft:sleep_in_bed":5,"minecraft:time_since_rest":119,"minecraft:damage_taken":1103,"minecraft:damage_dealt":5655,"minecraft:swim_one_cm":3777,"minecraft:fly_one_cm":321585,"minecraft:open_chest":49,"minecraft:crouch_one_cm":4953,"tombstone:undead_killed":3,"minecraft:interact_with_smoker":1,"minecraft:fall_one_cm":29117},"minecraft:killed":{"minecraft:cave_spider":1,"alexsmobs:rattlesnake":2,"darkestsouls:beast_patient":1,"alexsmobs:hammerhead_shark":1,"friendsandfoes:copper_golem":1,"minecraft:pig":6,"minecraft:sheep":8,"minecraft:zombie":3,"alexsmobs:rain_frog":1,"alexsmobs:roadrunner":10,"minecraft:cow":10,"alexsmobs:jerboa":1},"minecraft:dropped":{"minecraft:porkchop":5,"minecraft:wheat_seeds":64,"minecraft:poisonous_potato":1,"minecraft:sandstone_slab":1,"minecraft:yellow_terracotta":3,"minecraft:copper_ingot":2,"minecraft:golden_apple":1,"minecraft:red_mushroom":2,"world:oak":1,"minecraft:cauldron":1,"minecraft:sugar_cane":33,"minecraft:light_gray_terracotta":7,"minecraft:wheat":39,"minecraft:beetroot":17,"minecraft:rotten_flesh":6,"minecraft:white_terracotta":14,"minecraft:carrot":83,"minecraft:red_terracotta":3,"minecraft:potato":128,"minecraft:orange_terracotta":3,"minecraft:beetroot_seeds":55,"minecraft:melon_seeds":3,"minecraft:stone_pickaxe":2,"minecraft:beef":12,"minecraft:wooden_pickaxe":2,"minecraft:black_wool":1,"minecraft:terracotta":12},"minecraft:crafted":{"minecraft:oak_planks":24,"minecraft:leather_boots":1,"minecraft:stone_pickaxe":1,"minecraft:dark_oak_planks":8,"minecraft:crafting_table":4,"minecraft:wooden_pickaxe":2,"minecraft:bucket":1,"minecraft:stone_axe":2,"minecraft:shield":2,"minecraft:stick":12,"minecraft:stone_sword":1,"alexsmobs:roadrunner_boots":1},"minecraft:used":{"alexsmobs:emu_egg":1,"minecraft:stone_sword":53,"minecraft:iron_shovel":15,"minecraft:shield":5,"minecraft:rotten_flesh":2,"minecraft:torch":12,"paraglider:goddess_statue":1,"minecraft:brown_terracotta":1,"minecraft:dark_oak_planks":2,"minecraft:oxidized_copper":1,"minecraft:oak_sapling":1,"tombstone:gift":2,"minecraft:orange_terracotta":1,"minecraft:water_bucket":8,"minecraft:stone_pickaxe":128,"minecraft:wooden_pickaxe":24,"minecraft:sandstone":3,"alexsmobs:roadrunner_boots":1,"minecraft:blue_bed":1,"minecraft:leather_boots":1,"minecraft:glow_berries":6,"minecraft:rail":2,"minecraft:terracotta":15,"minecraft:yellow_terracotta":1,"minecraft:crafting_table":9,"minecraft:light_gray_terracotta":1,"minecraft:cyan_bed":1,"minecraft:string":1,"minecraft:iron_pickaxe":15,"minecraft:bread":17,"minecraft:leather_helmet":1,"minecraft:red_terracotta":1,"minecraft:stone_axe":113,"minecraft:cobblestone":9,"travelersbackpack:standard":2,"minecraft:bucket":9,"alexsmobs:animal_dictionary":1}},"DataVersion":3465}