{"stats":{"minecraft:picked_up":{"minecraft:light_gray_terracotta":1,"minecraft:orange_terracotta":1,"minecraft:brown_terracotta":1,"minecraft:yellow_terracotta":1,"minecraft:oak_log":5,"minecraft:white_terracotta":2,"minecraft:terracotta":8,"minecraft:oak_sapling":1,"minecraft:red_terracotta":1},"minecraft:custom":{"minecraft:time_since_rest":3975,"minecraft:crouch_one_cm":74,"minecraft:sprint_one_cm":4745,"minecraft:play_time":3975,"minecraft:damage_taken":175,"minecraft:walk_one_cm":4126,"minecraft:sneak_time":399,"minecraft:damage_dealt_resisted":0,"minecraft:jump":107,"minecraft:damage_dealt":127,"minecraft:time_since_death":3975,"minecraft:leave_game":1,"minecraft:total_world_time":3975,"minecraft:interact_with_crafting_table":1,"minecraft:fall_one_cm":2454,"minecraft:fly_one_cm":18521},"minecraft:mined":{"minecraft:yellow_terracotta":1,"minecraft:white_terracotta":2,"minecraft:red_terracotta":1,"minecraft:oak_log":5,"minecraft:brown_terracotta":1,"minecraft:orange_terracotta":1,"minecraft:terracotta":9,"minecraft:oak_leaves":1,"minecraft:light_gray_terracotta":1},"minecraft:crafted":{"minecraft:oak_planks":20,"minecraft:crafting_table":1,"minecraft:stick":8,"minecraft:wooden_pickaxe":1},"minecraft:used":{"minecraft:terracotta":1,"minecraft:crafting_table":1,"alexsmobs:animal_dictionary":1,"minecraft:wooden_pickaxe":16}},"DataVersion":3465}