{"stats":{"minecraft:killed_by":{"darkestsouls:cloaked_beast_patient":2},"minecraft:picked_up":{"minecraft:crafting_table":2,"minecraft:sandstone":3,"minecraft:brown_terracotta":1,"minecraft:oak_log":5,"minecraft:dark_oak_log":2,"minecraft:red_terracotta":1,"minecraft:string":6,"minecraft:dark_oak_planks":5,"minecraft:raw_copper":14,"minecraft:orange_terracotta":1,"minecraft:light_gray_terracotta":1,"minecraft:rotten_flesh":2,"minecraft:yellow_terracotta":1,"minecraft:white_terracotta":2,"minecraft:terracotta":8,"minecraft:oak_sapling":1,"minecraft:coal":44,"minecraft:rail":2,"minecraft:cobblestone":46},"minecraft:killed":{"minecraft:zombie":3},"minecraft:custom":{"minecraft:time_since_rest":2130,"minecraft:sprint_one_cm":47469,"minecraft:damage_taken":583,"minecraft:walk_one_cm":31296,"minecraft:mob_kills":5,"minecraft:damage_dealt":1338,"minecraft:swim_one_cm":843,"minecraft:interact_with_crafting_table":8,"minecraft:fly_one_cm":49574,"minecraft:crouch_one_cm":1585,"minecraft:play_time":15975,"tombstone:undead_killed":3,"minecraft:deaths":2,"minecraft:sneak_time":1048,"minecraft:walk_under_water_one_cm":216,"minecraft:jump":313,"minecraft:damage_dealt_resisted":0,"minecraft:walk_on_water_one_cm":249,"minecraft:leave_game":1,"minecraft:time_since_death":3472,"minecraft:total_world_time":15975,"minecraft:fall_one_cm":3942},"minecraft:mined":{"minecraft:dark_oak_planks":5,"minecraft:yellow_terracotta":1,"minecraft:white_terracotta":2,"minecraft:red_terracotta":1,"minecraft:orange_terracotta":1,"minecraft:dark_oak_log":2,"minecraft:crafting_table":2,"minecraft:light_gray_terracotta":1,"minecraft:coal_ore":3,"minecraft:oak_log":5,"minecraft:cobweb":5,"minecraft:brown_terracotta":1,"minecraft:copper_ore":1,"minecraft:terracotta":9,"minecraft:stone":46,"minecraft:sandstone":3,"minecraft:oak_leaves":1},"minecraft:crafted":{"minecraft:oak_planks":20,"minecraft:shield":1,"minecraft:crafting_table":3,"minecraft:stick":12,"minecraft:wooden_pickaxe":2,"minecraft:stone_pickaxe":1,"minecraft:stone_sword":1,"minecraft:dark_oak_planks":8,"minecraft:stone_axe":1},"minecraft:used":{"minecraft:dark_oak_planks":2,"minecraft:brown_terracotta":1,"minecraft:stone_sword":26,"minecraft:stone_pickaxe":50,"minecraft:string":1,"minecraft:wooden_pickaxe":24,"minecraft:sandstone":3,"minecraft:red_terracotta":1,"minecraft:stone_axe":9,"minecraft:cobblestone":5,"minecraft:rail":2,"minecraft:terracotta":8,"minecraft:yellow_terracotta":1,"minecraft:crafting_table":4,"tombstone:gift":2,"minecraft:light_gray_terracotta":1,"alexsmobs:animal_dictionary":1,"minecraft:orange_terracotta":1}},"DataVersion":3465}