{"stats":{"minecraft:killed_by":{"darkestsouls:cloaked_beast_patient":1,"darkestsouls:beast_patient":1},"minecraft:mined":{"minecraft:crafting_table":6,"minecraft:torch":4,"minecraft:granite":3,"minecraft:cobblestone":2,"minecraft:diorite":2,"minecraft:wall_torch":3,"minecraft:spawner":1,"minecraft:furnace":1,"minecraft:iron_ore":6,"minecraft:andesite":1,"minecraft:coal_ore":7,"minecraft:oak_log":11,"minecraft:gravel":5,"minecraft:sand":1,"minecraft:cobweb":5,"minecraft:stone":60,"minecraft:oak_leaves":2},"minecraft:picked_up":{"minecraft:crafting_table":5,"minecraft:andesite":1,"paraglider:spirit_orb":2,"minecraft:oak_log":11,"minecraft:string":7,"minecraft:furnace":1,"minecraft:raw_iron":35,"minecraft:torch":6,"minecraft:gravel":12,"minecraft:sand":1,"minecraft:diorite":2,"minecraft:granite":3,"minecraft:oak_sapling":1,"minecraft:coal":62,"minecraft:rail":1,"minecraft:cobblestone":62},"minecraft:custom":{"minecraft:interact_with_furnace":6,"minecraft:mob_kills":4,"minecraft:interact_with_crafting_table":11,"minecraft:leave_game":4,"minecraft:time_since_death":17028,"minecraft:time_since_rest":16432,"minecraft:sprint_one_cm":72204,"minecraft:walk_one_cm":99652,"minecraft:damage_taken":1023,"minecraft:damage_absorbed":40,"minecraft:damage_blocked_by_shield":307,"minecraft:damage_dealt":1412,"minecraft:swim_one_cm":1506,"minecraft:fly_one_cm":46926,"minecraft:crouch_one_cm":17659,"minecraft:play_time":34028,"minecraft:deaths":2,"minecraft:sneak_time":6456,"minecraft:walk_under_water_one_cm":1687,"minecraft:jump":308,"minecraft:walk_on_water_one_cm":5344,"minecraft:total_world_time":34028,"minecraft:fall_one_cm":7481},"minecraft:killed":{"minecraft:cave_spider":3,"darkestsouls:church_doctor_lantern":1},"minecraft:crafted":{"minecraft:oak_planks":44,"minecraft:crafting_table":1,"minecraft:wooden_pickaxe":1,"minecraft:iron_helmet":1,"minecraft:iron_sword":1,"minecraft:furnace":1,"minecraft:bucket":1,"minecraft:stone_axe":1,"minecraft:air":0,"minecraft:iron_boots":1,"minecraft:iron_chestplate":1,"minecraft:shield":1,"minecraft:stick":8,"minecraft:iron_ingot":25,"minecraft:stone_pickaxe":1,"minecraft:stone_sword":1},"minecraft:used":{"minecraft:water_bucket":8,"minecraft:diorite":2,"minecraft:stone_sword":42,"minecraft:stone_pickaxe":65,"minecraft:oak_planks":18,"minecraft:shield":11,"minecraft:wooden_pickaxe":18,"minecraft:iron_sword":3,"minecraft:iron_chestplate":1,"minecraft:torch":6,"minecraft:golden_apple":1,"minecraft:glow_berries":21,"minecraft:sand":1,"minecraft:crafting_table":6,"minecraft:granite":2,"minecraft:bread":2,"minecraft:stone_axe":3,"minecraft:cobblestone":29,"minecraft:oak_sapling":1,"minecraft:furnace":1,"minecraft:bucket":9,"tombstone:gift":1}},"DataVersion":3465}