{"stats":{"minecraft:killed_by":{"darkestsouls:cloaked_beast_patient":1,"darkestsouls:beast_patient":1},"minecraft:mined":{"minecraft:deepslate_diamond_ore":11,"minecraft:crafting_table":7,"minecraft:torch":4,"minecraft:granite":3,"minecraft:cobblestone":2,"minecraft:diorite":2,"minecraft:wall_torch":3,"minecraft:spawner":1,"minecraft:furnace":2,"minecraft:iron_ore":6,"minecraft:cobbled_deepslate":1,"minecraft:andesite":1,"minecraft:oak_log":11,"minecraft:coal_ore":7,"minecraft:deepslate_iron_ore":5,"minecraft:gravel":5,"minecraft:sand":1,"minecraft:cobweb":5,"minecraft:stone":60,"minecraft:oak_leaves":2,"minecraft:deepslate":47},"minecraft:picked_up":{"minecraft:crafting_table":6,"minecraft:andesite":1,"paraglider:spirit_orb":2,"minecraft:oak_log":11,"minecraft:string":7,"minecraft:bone":4,"darkestsouls:rune_fragment":2,"minecraft:cobbled_deepslate":48,"minecraft:iron_ingot":1,"darkestsouls:bone_fragment":3,"minecraft:furnace":2,"minecraft:raw_iron":47,"minecraft:torch":6,"minecraft:gravel":12,"minecraft:sand":1,"minecraft:diorite":2,"minecraft:arrow":1,"minecraft:rotten_flesh":1,"minecraft:diamond":37,"minecraft:granite":3,"minecraft:oak_sapling":1,"minecraft:coal":88,"minecraft:rail":1,"minecraft:cobblestone":62},"minecraft:custom":{"minecraft:interact_with_furnace":13,"minecraft:mob_kills":11,"minecraft:interact_with_crafting_table":16,"minecraft:damage_dealt_resisted":0,"minecraft:leave_game":5,"minecraft:time_since_death":33689,"minecraft:time_since_rest":33093,"minecraft:sprint_one_cm":107458,"minecraft:walk_one_cm":133887,"minecraft:damage_taken":1522,"minecraft:damage_absorbed":40,"minecraft:damage_blocked_by_shield":512,"minecraft:drop":6,"minecraft:damage_dealt":3160,"minecraft:swim_one_cm":1506,"minecraft:fly_one_cm":104951,"minecraft:crouch_one_cm":20842,"minecraft:play_time":50689,"tombstone:undead_killed":5,"minecraft:deaths":2,"minecraft:sneak_time":7947,"minecraft:walk_under_water_one_cm":2171,"minecraft:jump":699,"minecraft:walk_on_water_one_cm":7716,"minecraft:total_world_time":50689,"minecraft:fall_one_cm":18247},"minecraft:killed":{"minecraft:cave_spider":3,"minecraft:skeleton":1,"darkestsouls:skeleton_spear":2,"minecraft:zombie":1,"darkestsouls:skeleton_falchion":1,"darkestsouls:beast_patient":1,"darkestsouls:church_doctor_lantern":1},"minecraft:dropped":{"minecraft:stone_sword":1,"minecraft:iron_helmet":1,"minecraft:rail":1,"minecraft:iron_chestplate":1,"minecraft:stone_pickaxe":1,"minecraft:wooden_pickaxe":1},"minecraft:crafted":{"minecraft:oak_planks":44,"darkestsouls:bone_knife":24,"minecraft:crafting_table":2,"minecraft:wooden_pickaxe":1,"minecraft:iron_helmet":1,"minecraft:iron_sword":1,"minecraft:furnace":1,"minecraft:bucket":1,"minecraft:stone_axe":1,"minecraft:air":0,"minecraft:diamond_helmet":1,"minecraft:iron_boots":1,"minecraft:iron_chestplate":1,"minecraft:shield":1,"minecraft:stick":12,"minecraft:iron_ingot":46,"minecraft:iron_pickaxe":1,"minecraft:stone_pickaxe":1,"minecraft:stone_sword":1,"minecraft:iron_leggings":1,"minecraft:diamond_chestplate":1},"minecraft:used":{"minecraft:water_bucket":18,"minecraft:diorite":2,"minecraft:stone_sword":42,"minecraft:stone_pickaxe":70,"minecraft:oak_planks":18,"minecraft:wooden_pickaxe":18,"minecraft:shield":16,"minecraft:iron_sword":39,"minecraft:iron_chestplate":1,"minecraft:torch":6,"minecraft:golden_apple":1,"minecraft:glow_berries":21,"minecraft:sand":1,"minecraft:crafting_table":8,"minecraft:granite":2,"minecraft:bread":2,"minecraft:iron_pickaxe":60,"minecraft:stone_axe":4,"minecraft:cobblestone":46,"minecraft:furnace":2,"minecraft:oak_sapling":1,"minecraft:cooked_porkchop":7,"minecraft:bucket":19,"tombstone:gift":1,"minecraft:cobbled_deepslate":20}},"DataVersion":3465}