{"stats":{"minecraft:killed_by":{"darkestsouls:beast_patient":1,"darkestsouls:cloaked_beast_patient":1},"minecraft:picked_up":{"minecraft:crafting_table":4,"paraglider:spirit_orb":2,"minecraft:sand":1,"minecraft:oak_log":11,"minecraft:string":7,"minecraft:oak_sapling":1,"minecraft:coal":27,"minecraft:rail":1,"minecraft:cobblestone":12},"minecraft:killed":{"minecraft:cave_spider":3,"darkestsouls:church_doctor_lantern":1},"minecraft:mined":{"minecraft:crafting_table":4,"minecraft:coal_ore":4,"minecraft:oak_log":11,"minecraft:sand":1,"minecraft:cobweb":5,"minecraft:cobblestone":2,"minecraft:stone":10,"minecraft:oak_leaves":2,"minecraft:wall_torch":1,"minecraft:spawner":1},"minecraft:custom":{"minecraft:time_since_rest":189,"minecraft:sprint_one_cm":60204,"minecraft:damage_absorbed":40,"minecraft:damage_taken":690,"minecraft:walk_one_cm":75971,"minecraft:damage_blocked_by_shield":225,"minecraft:mob_kills":4,"minecraft:damage_dealt":1159,"minecraft:interact_with_crafting_table":5,"minecraft:fly_one_cm":30571,"minecraft:crouch_one_cm":4520,"minecraft:play_time":16337,"minecraft:deaths":2,"minecraft:sneak_time":1405,"minecraft:jump":207,"minecraft:leave_game":2,"minecraft:walk_on_water_one_cm":2225,"minecraft:time_since_death":0,"minecraft:total_world_time":16337,"minecraft:fall_one_cm":5289},"minecraft:crafted":{"minecraft:oak_planks":44,"minecraft:shield":1,"minecraft:crafting_table":1,"minecraft:stick":8,"minecraft:wooden_pickaxe":1,"minecraft:stone_sword":1,"minecraft:stone_axe":1},"minecraft:used":{"minecraft:stone_sword":37,"minecraft:oak_planks":2,"minecraft:shield":8,"minecraft:wooden_pickaxe":17,"minecraft:stone_axe":1,"minecraft:golden_apple":1,"minecraft:glow_berries":21,"minecraft:sand":1,"minecraft:cobblestone":5,"minecraft:crafting_table":4,"minecraft:oak_sapling":1}},"DataVersion":3465}