{"stats":{"minecraft:killed_by":{"darkestsouls:cloaked_beast_patient":1,"darkestsouls:beast_patient":1},"minecraft:mined":{"minecraft:crafting_table":7,"minecraft:torch":4,"minecraft:granite":3,"minecraft:cobblestone":2,"minecraft:diorite":2,"minecraft:wall_torch":3,"minecraft:spawner":1,"minecraft:furnace":1,"minecraft:iron_ore":6,"minecraft:andesite":1,"minecraft:coal_ore":7,"minecraft:oak_log":11,"minecraft:deepslate_iron_ore":5,"minecraft:gravel":5,"minecraft:sand":1,"minecraft:cobweb":5,"minecraft:stone":60,"minecraft:oak_leaves":2},"minecraft:picked_up":{"minecraft:crafting_table":6,"minecraft:andesite":1,"paraglider:spirit_orb":2,"minecraft:oak_log":11,"minecraft:string":7,"darkestsouls:rune_fragment":2,"minecraft:bone":4,"darkestsouls:bone_fragment":3,"minecraft:furnace":1,"minecraft:raw_iron":47,"minecraft:torch":6,"minecraft:gravel":12,"minecraft:sand":1,"minecraft:diorite":2,"minecraft:arrow":1,"minecraft:granite":3,"minecraft:oak_sapling":1,"minecraft:coal":62,"minecraft:rail":1,"minecraft:cobblestone":62},"minecraft:custom":{"minecraft:interact_with_furnace":8,"minecraft:mob_kills":9,"minecraft:interact_with_crafting_table":12,"minecraft:damage_dealt_resisted":0,"minecraft:leave_game":5,"minecraft:time_since_death":23917,"minecraft:time_since_rest":23321,"minecraft:sprint_one_cm":83582,"minecraft:walk_one_cm":115888,"minecraft:damage_taken":1364,"minecraft:damage_absorbed":40,"minecraft:damage_blocked_by_shield":337,"minecraft:damage_dealt":2662,"minecraft:swim_one_cm":1506,"minecraft:fly_one_cm":73724,"minecraft:crouch_one_cm":19539,"minecraft:play_time":40917,"tombstone:undead_killed":4,"minecraft:deaths":2,"minecraft:sneak_time":7304,"minecraft:walk_under_water_one_cm":2013,"minecraft:jump":459,"minecraft:walk_on_water_one_cm":7247,"minecraft:total_world_time":40917,"minecraft:fall_one_cm":11069},"minecraft:killed":{"minecraft:cave_spider":3,"minecraft:skeleton":1,"darkestsouls:skeleton_spear":2,"darkestsouls:skeleton_falchion":1,"darkestsouls:church_doctor_lantern":1},"minecraft:crafted":{"minecraft:oak_planks":44,"minecraft:crafting_table":2,"minecraft:wooden_pickaxe":1,"minecraft:iron_helmet":1,"minecraft:iron_sword":1,"minecraft:furnace":1,"minecraft:bucket":1,"minecraft:stone_axe":1,"minecraft:air":0,"minecraft:iron_boots":1,"minecraft:iron_chestplate":1,"minecraft:shield":1,"minecraft:stick":8,"minecraft:iron_ingot":25,"minecraft:stone_pickaxe":1,"minecraft:stone_sword":1},"minecraft:used":{"minecraft:water_bucket":14,"minecraft:diorite":2,"minecraft:stone_sword":42,"minecraft:stone_pickaxe":70,"minecraft:oak_planks":18,"minecraft:shield":13,"minecraft:wooden_pickaxe":18,"minecraft:iron_sword":30,"minecraft:iron_chestplate":1,"minecraft:torch":6,"minecraft:golden_apple":1,"minecraft:glow_berries":21,"minecraft:sand":1,"minecraft:crafting_table":7,"minecraft:granite":2,"minecraft:bread":2,"minecraft:stone_axe":4,"minecraft:cobblestone":30,"minecraft:oak_sapling":1,"minecraft:furnace":2,"minecraft:cooked_porkchop":6,"minecraft:bucket":15,"tombstone:gift":1}},"DataVersion":3465}