{"stats":{"minecraft:killed_by":{"darkestsouls:beast_patient":1,"darkestsouls:cloaked_beast_patient":1},"minecraft:mined":{"minecraft:iron_ore":1,"minecraft:crafting_table":5,"minecraft:oak_log":11,"minecraft:coal_ore":7,"minecraft:sand":1,"minecraft:cobweb":5,"minecraft:cobblestone":2,"minecraft:stone":11,"minecraft:oak_leaves":2,"minecraft:wall_torch":1,"minecraft:spawner":1},"minecraft:picked_up":{"minecraft:raw_iron":5,"minecraft:crafting_table":5,"paraglider:spirit_orb":2,"minecraft:sand":1,"minecraft:oak_log":11,"minecraft:string":7,"minecraft:oak_sapling":1,"minecraft:coal":33,"minecraft:rail":1,"minecraft:cobblestone":13},"minecraft:custom":{"minecraft:time_since_rest":2774,"minecraft:sprint_one_cm":71227,"minecraft:walk_one_cm":84722,"minecraft:damage_taken":891,"minecraft:damage_absorbed":40,"minecraft:damage_blocked_by_shield":247,"minecraft:mob_kills":4,"minecraft:damage_dealt":1330,"minecraft:interact_with_crafting_table":6,"minecraft:fly_one_cm":46255,"minecraft:crouch_one_cm":5089,"minecraft:play_time":20370,"minecraft:deaths":2,"minecraft:sneak_time":1567,"minecraft:jump":245,"minecraft:leave_game":3,"minecraft:walk_on_water_one_cm":2225,"minecraft:time_since_death":3370,"minecraft:total_world_time":20370,"minecraft:fall_one_cm":6506},"minecraft:killed":{"minecraft:cave_spider":3,"darkestsouls:church_doctor_lantern":1},"minecraft:crafted":{"minecraft:oak_planks":44,"minecraft:shield":1,"minecraft:crafting_table":1,"minecraft:stick":8,"minecraft:wooden_pickaxe":1,"minecraft:stone_pickaxe":1,"minecraft:stone_sword":1,"minecraft:stone_axe":1},"minecraft:used":{"minecraft:stone_sword":42,"minecraft:stone_pickaxe":4,"minecraft:oak_planks":2,"minecraft:wooden_pickaxe":18,"minecraft:shield":9,"minecraft:stone_axe":2,"minecraft:golden_apple":1,"minecraft:glow_berries":21,"minecraft:sand":1,"minecraft:cobblestone":5,"minecraft:crafting_table":5,"minecraft:oak_sapling":1}},"DataVersion":3465}