{"stats":{"minecraft:picked_up":{"minecraft:crafting_table":1,"minecraft:sand":1,"minecraft:oak_log":11,"minecraft:oak_sapling":1},"minecraft:mined":{"minecraft:oak_log":11,"minecraft:sand":1,"minecraft:oak_leaves":2,"minecraft:crafting_table":1},"minecraft:custom":{"minecraft:time_since_rest":5774,"minecraft:crouch_one_cm":2085,"minecraft:play_time":5774,"minecraft:sprint_one_cm":26593,"minecraft:damage_taken":50,"minecraft:walk_one_cm":16376,"minecraft:sneak_time":609,"minecraft:jump":122,"minecraft:damage_dealt":45,"minecraft:time_since_death":5774,"minecraft:total_world_time":5774,"minecraft:interact_with_crafting_table":1,"minecraft:fall_one_cm":2971,"minecraft:fly_one_cm":20147},"minecraft:crafted":{"minecraft:oak_planks":44,"minecraft:crafting_table":1,"minecraft:stick":8,"minecraft:wooden_pickaxe":1},"minecraft:used":{"minecraft:sand":1,"minecraft:crafting_table":1,"minecraft:oak_sapling":1}},"DataVersion":3465}