{"stats":{"minecraft:killed":{"minecraft:cave_spider":3,"alexsmobs:guster":6,"alexsmobs:tarantula_hawk":1,"minecraft:spider":1,"minecraft:iron_golem":1,"alexsmobs:rattlesnake":1,"minecraft:creeper":1,"minecraft:skeleton":2,"darkestsouls:skeleton_spear":2,"minecraft:zombie":1,"darkestsouls:skeleton_falchion":1,"darkestsouls:cloaked_beast_patient":1,"alexsmobs:rain_frog":1,"alexsmobs:roadrunner":2,"darkestsouls:beast_patient":1,"darkestsouls:church_doctor_lantern":1},"minecraft:dropped":{"minecraft:wheat_seeds":1,"alexsmobs:animal_dictionary":1,"minecraft:stone_sword":1,"alexsmobs:tarantula_hawk_wing_fragment":1,"minecraft:iron_helmet":1,"minecraft:iron_boots":1,"darkestsouls:beast_blood_clump":3,"minecraft:rail":1,"minecraft:diamond_sword":1,"minecraft:iron_chestplate":1,"minecraft:andesite":1,"minecraft:iron_leggings":1,"minecraft:stone_pickaxe":1,"minecraft:wooden_pickaxe":1,"minecraft:bone":1},"minecraft:custom":{"minecraft:interact_with_furnace":13,"minecraft:mob_kills":27,"minecraft:traded_with_villager":1,"minecraft:interact_with_crafting_table":20,"minecraft:open_barrel":1,"minecraft:damage_dealt_resisted":0,"minecraft:leave_game":12,"minecraft:time_since_death":61770,"minecraft:sleep_in_bed":1,"minecraft:climb_one_cm":4493,"minecraft:time_since_rest":5844,"minecraft:sprint_one_cm":214820,"minecraft:damage_absorbed":40,"minecraft:damage_taken":2565,"minecraft:walk_one_cm":182617,"minecraft:damage_blocked_by_shield":592,"minecraft:drop":17,"minecraft:damage_dealt":6495,"minecraft:play_time":78770,"minecraft:crouch_one_cm":22163,"minecraft:swim_one_cm":1506,"minecraft:talked_to_villager":5,"minecraft:fly_one_cm":600488,"tombstone:undead_killed":6,"minecraft:open_chest":24,"minecraft:deaths":2,"minecraft:sneak_time":8896,"minecraft:walk_under_water_one_cm":3389,"minecraft:jump":1157,"minecraft:walk_on_water_one_cm":8664,"minecraft:total_world_time":78770,"minecraft:fall_one_cm":32498},"minecraft:picked_up":{"minecraft:crafting_table":7,"minecraft:feather":1,"minecraft:andesite":1,"minecraft:diamond_sword":1,"minecraft:potato":40,"minecraft:brown_bed":1,"paraglider:spirit_orb":2,"minecraft:oak_log":11,"minecraft:gunpowder":1,"darkestsouls:beast_blood_clump":3,"minecraft:string":7,"darkestsouls:rune_fragment":2,"minecraft:bone":4,"minecraft:wheat_seeds":1,"minecraft:cobbled_deepslate":57,"minecraft:iron_ingot":6,"darkestsouls:bone_fragment":3,"minecraft:furnace":2,"minecraft:raw_iron":47,"minecraft:torch":6,"minecraft:gravel":12,"minecraft:sand":1,"tombstone:grave_dust":2,"minecraft:diorite":2,"minecraft:carrot":38,"minecraft:arrow":2,"minecraft:rotten_flesh":1,"minecraft:diamond":47,"minecraft:granite":3,"alexsmobs:tarantula_hawk_wing_fragment":1,"minecraft:oak_sapling":1,"minecraft:coal":88,"minecraft:rail":1,"minecraft:cobblestone":62},"minecraft:used":{"minecraft:water_bucket":24,"minecraft:diorite":2,"minecraft:stone_sword":42,"minecraft:stone_pickaxe":70,"minecraft:oak_planks":18,"minecraft:wooden_pickaxe":18,"minecraft:shield":20,"minecraft:iron_sword":39,"minecraft:diamond_axe":1,"minecraft:golden_apple":1,"minecraft:iron_chestplate":1,"minecraft:glow_berries":21,"minecraft:torch":6,"minecraft:sand":1,"minecraft:crafting_table":8,"minecraft:granite":2,"minecraft:iron_pickaxe":72,"minecraft:bread":4,"minecraft:stone_axe":5,"minecraft:diamond_sword":78,"minecraft:cobblestone":46,"minecraft:oak_sapling":1,"minecraft:furnace":2,"minecraft:cooked_porkchop":18,"minecraft:bucket":25,"tombstone:gift":1,"alexsmobs:animal_dictionary":1,"minecraft:cobbled_deepslate":32,"minecraft:brown_bed":1},"minecraft:killed_by":{"darkestsouls:cloaked_beast_patient":1,"darkestsouls:beast_patient":1},"minecraft:mined":{"minecraft:deepslate_diamond_ore":14,"minecraft:crafting_table":8,"minecraft:torch":4,"minecraft:granite":3,"minecraft:dead_bush":1,"minecraft:cobblestone":2,"minecraft:diorite":2,"minecraft:wall_torch":3,"minecraft:spawner":1,"minecraft:furnace":2,"minecraft:carrots":11,"minecraft:iron_ore":6,"minecraft:cobbled_deepslate":7,"minecraft:wheat":2,"minecraft:andesite":1,"minecraft:brown_bed":1,"minecraft:potatoes":11,"minecraft:coal_ore":7,"minecraft:oak_log":11,"minecraft:deepslate_iron_ore":5,"minecraft:sand":1,"minecraft:gravel":5,"minecraft:cobweb":5,"minecraft:stone":60,"minecraft:oak_leaves":2,"minecraft:deepslate":50,"minecraft:birch_fence":1},"minecraft:crafted":{"minecraft:oak_planks":44,"minecraft:diamond_sword":1,"minecraft:diamond_axe":1,"darkestsouls:bone_knife":24,"minecraft:crafting_table":2,"minecraft:wooden_pickaxe":1,"minecraft:iron_helmet":1,"minecraft:iron_sword":1,"minecraft:furnace":1,"minecraft:bucket":1,"minecraft:enchanted_golden_apple":1,"minecraft:stone_axe":1,"minecraft:air":0,"minecraft:iron_chestplate":1,"minecraft:diamond_helmet":1,"minecraft:iron_boots":1,"minecraft:diamond_leggings":1,"minecraft:diamond_pickaxe":1,"minecraft:shield":1,"minecraft:stick":16,"minecraft:iron_ingot":46,"minecraft:iron_pickaxe":1,"minecraft:stone_pickaxe":1,"minecraft:stone_sword":1,"minecraft:diamond_boots":1,"minecraft:iron_leggings":1,"minecraft:diamond_chestplate":1}},"DataVersion":3465}